NOM;PRENOM;DISPLAYNAME;COMPTE;UPN;VILLE;SERVICE;FONCTION;TELEPHONE;SOCIETE;MANAGER
MICA;Sophie;MICA Sophie;smica;s.mica@Training.priv;Marseille;Production;Personnel Production;0491586420;FormaABC;Steve DACOIN
MICA;Tony;MICA Tony;tmica;t.mica@Training.priv;Marseille;Production;Personnel Production;0491586421;FormaABC;Steve DACOIN
ADAM;Jean;ADAM Jean;jadam;j.adam@Training.priv;Paris;Ventes;Commercial;0141263256;FormaABC;Tony DUCAS
DACOIN;Steve;DACOIN Steve;sdacoin;steve.dacoin@formation.fr;Marseille;Production;Personnel Production;0491325687;FormaABC;Bob DY
DUCAS;Tony;Tony DUCAS;tducas;tony.ducas@Training.priv;Paris;Ventes;Commercial;0141263257;FormaABC;Astride Peil
DUCAS;Pierre;Pierre DUCAS;pducas;Pierre.ducas@Training.priv;Marseille;IT;Admin Syst�me;0491263257;FormaABC;Astride Peil
FOURNETOUT;Jean;Jean FOURNETOUT;jfournetout;jean.fournetout@Training.priv;Lyon;IT;Technicien Syst�me;0491263257;FormaABC;Pierre DUCAS